"Timestamp","What is your wizard name?","What is your magical creature's name?","What type of creature is it?","How old is your creature (please enter number only)?","On a scale of 1-10, how powerful is its magic?","Does your creature have wings?","What is its primary magical element?","What superpower does this creature has?"
"2025/08/06 3:23:30 PM MDT","sky","alita","fairy","100","10","Yes","water","be invisible"
"2025/08/06 3:36:28 PM MDT","Sky","stark","goblin","2","7","Yes","air","create lots of gold!"
"2025/08/06 3:37:56 PM MDT","SKY","oreo king","owl","-202","5","No","earth","swimming in lightening speed!"
"2025/08/06 3:39:57 PM MDT","i am a robot","i am not a good creature","werewolf","i don't have an age, i live forever","10","No","fire","creating lots of noisy data points that will need to be deleted from any data analysis!"
"2025/08/06 3:41:53 PM MDT","HELLO who are you?","I AM JUST A CREATURE","golem","I FORGOT!~","3","Yes","fire","*^&CREATING LOTS OF BAD BAD DATA POINTS!! "
"2025/08/13 2:05:24 PM MDT","Yao","Yao - atron 2000","golem","999999999999","10","No","earth","earthquakes, no limit to power"
"2025/08/13 2:05:52 PM MDT","Dumbledore Junior","Queenie","phoenix","12","9","Yes","fire","To heal"
"2025/08/13 2:06:01 PM MDT","magical_cat_lady","alita","fairy","7","10","Yes","earth","the ability to be liquid"
"2025/08/13 2:06:03 PM MDT","Jonas Bondoc","penguino","seahorse","9","10","Yes","water","water bending"
"2025/08/13 2:06:20 PM MDT","Joe Bonkers","John Fairy","fairy","990","10","Yes","air","John Fairy is the most beautiful Fairy known to Earth. He is so beautiful that whenever any men see him they instantly become gay, and when lesbians see him they become straight. If people look at him for too long they will pass out from sheer awe at his beauty."
"2025/08/13 2:06:27 PM MDT","red king","clash royal golem","golem","200","10","No","earth","sneaky golem in 2x elixer"
"2025/08/13 2:06:54 PM MDT","jonas","pepy","golem","1","1","No","air","super flying"
"2025/08/13 2:06:58 PM MDT","Kent","Kent.jr","werewolf","ï¼—","8","No","water","Controling water"
"2025/08/13 2:07:15 PM MDT","Levana","Nixie","phoenix","8","7","Yes","fire","To heal"
"2025/08/13 2:07:20 PM MDT","wizman","rock","golem","500","9","No","earth","pebble"
"2025/08/13 2:07:36 PM MDT","Amypeach","Peaches","unicorn","9","10","Yes","water","invisibility"
"2025/08/13 2:07:40 PM MDT","gamerwizard","jasper","dragon","9999999","10","Yes","fire","everything"
"2025/08/13 2:07:46 PM MDT","Joe Bonkers","Guy Mann","elves","45","1","No","earth","Guy Mann has no superpowers. Although he is an elf, his soul is that of a human. He is the most average man you could ever imagine. He is just his name.  He is a guy man."
"2025/08/13 2:07:46 PM MDT","Bob","magic_owl","owl","100","9","Yes","water","invisibility"
"2025/08/13 2:07:53 PM MDT","Addie_ :)","mushu","dragon","2","7","Yes","fire","mind control"
"2025/08/13 2:08:18 PM MDT","Dylan","Gigachad","elves","69","10","No","earth","Rizz"
"2025/08/13 2:08:19 PM MDT","REDACTED","CLASSIFIED","owl","999999999999999999999999999999999999","1","No","air","not being able to fly"
"2025/08/13 2:08:20 PM MDT","jwdifji0sjfios;","fsnjfinmf;","elves","efsfse","1","No","fire","being qierd"
"2025/08/13 2:08:24 PM MDT","OakwoodWizardTheThird","Billy","dragon","131","10","Yes","air","teleportation"
"2025/08/13 2:08:32 PM MDT","Arjun","Rosco","dragon","100000000","10","Yes","water","The ability to move things with its mind (Telekenisis))"
"2025/08/13 2:08:44 PM MDT","Steve","Iron Golem","golem","950","10","No","earth","Throws zombies in the air."
"2025/08/13 2:08:47 PM MDT","fa","fa","phoenix","87867","10","No","fire","gd"
"2025/08/13 2:08:51 PM MDT","Raven"," Phantom","phoenix","15","8","Yes","fire","Has the ability to turn invisible."
"2025/08/13 2:08:56 PM MDT","Kesef","Cerebrum","owl","1000","10","Yes","air","To give advice and answer questions"
"2025/08/13 2:08:59 PM MDT","Patato","Mochi","dragon","10000","10","Yes","fire","Fire destroyer"
"2025/08/13 2:09:17 PM MDT","Yao","Yao - atron 1000","griffin","20000","8","Yes","air","tornado"
"2025/08/13 2:09:27 PM MDT","Adrian","Draco","dragon","3","10","Yes","air","wind power"
"2025/08/13 2:09:30 PM MDT","Rizzer","sigma","werewolf","1","1","No","fire","aura"
"2025/08/13 2:09:36 PM MDT","Jonas","ice Wolf","werewolf","12","8","No","fire","killing people and making ice cream using body reams and selling the ice cream"
"2025/08/13 2:09:39 PM MDT","Wizerd","Aquila phoenicus","phoenix","512","10","Yes","fire","Flight, Regeneration, FIREpower"
"2025/08/13 2:09:42 PM MDT","MESSI","FOOTBIRD","phoenix","10000000000000","9","Yes","air","Air bending ( control air )"
"2025/08/13 2:09:47 PM MDT","Joe Bonkers","John Dragon","dragon","1","8","Yes","fire","John Dragon farts fire. Beans are his magic ingredient, and laxatives are his secret weapon. John Dragon can explode in a giant fireball if he is constipated for too long, though."
"2025/08/13 2:09:52 PM MDT","Skye","Sweet_dumb_guy","werewolf","15","4","No","earth","Nothing. My creature is dumb."
"2025/08/13 2:09:55 PM MDT","thats_un-important","soleil","phoenix","500","10","Yes","fire","Can breathe fire, heal, and regenerate limbs"
"2025/08/13 2:10:12 PM MDT","Amypeach","Firenz","phoenix","200","10","Yes","fire","heaaling"
"2025/08/13 2:10:35 PM MDT","NoneedtoknowwhoIam","Anonymus","werewolf","0","1","Yes","fire","It can't bite"
"2025/08/13 2:10:42 PM MDT","Joe Bonkers","John Unicorn","unicorn","1","1","No","earth","John Unicorn can make killer tanghulu on his horn. Otherwise, he's pretty much a horse."
"2025/08/13 2:10:45 PM MDT","Anonymous","Anonymous","phoenix","-999999999999999999999999999999999","1","No","water","It doesnt fly"
"2025/08/13 2:10:46 PM MDT","Wizard Wardrobe","Inferno","dragon","35","9","Yes","fire","To breathe fire"
"2025/08/13 2:10:51 PM MDT","Yao","Yao - atron 3000","goblin","25","6","No","fire","fireball"
"2025/08/13 2:11:04 PM MDT","Arjun","Rosco","dragon","19387238723738292183927947238472894684982","10","Yes","water","The ability to move things with its mind aka Telekinesis"
"2025/08/13 2:11:21 PM MDT","henri :D","mika","phoenix","1999","10","No","air","can bark and turn things to dust"
"2025/08/13 2:11:31 PM MDT","Kent","Kent.jr","phoenix","6","7","Yes","fire","Fire ball"
"2025/08/13 2:11:44 PM MDT","Wizard","Creature","phoenix","2","10","Yes","fire","fire breathing and heals wounds with their tears"
"2025/08/13 2:11:44 PM MDT","Yao","Yao - atron 3000 B","goblin","25","6","No","water","watergun"
"2025/08/13 2:11:44 PM MDT","Jonas","butter toast","fairy","7","10","Yes","earth","killing people and making butter toast "
"2025/08/13 2:11:48 PM MDT","LilWizard","Tiny","elves","1","1","No","earth","jump really high"
"2025/08/13 2:11:49 PM MDT","Hester","Chester ""Cheesy"" Chiller","unicorn","9","9","Yes","air","To tell corny jokes"
"2025/08/13 2:11:52 PM MDT","abida:)","idk_bro","unicorn","100","10","No","water","can control water, and heal."
"2025/08/13 2:11:59 PM MDT","Ibaad","JrKing","werewolf","12","10","Yes","fire","Not sure"
"2025/08/13 2:12:14 PM MDT","Joe Bonkers","John Griffin","griffin","1","6","Yes","fire","John Griffin has twenty faces that he uses to devour as much food as possible. He is a glutton who will eat everything he can see. Even humans, even airplanes, even the sun itself. He vomits a lot though."
"2025/08/13 2:12:20 PM MDT","Idonthaveaname","Thisismycreatusesname","phoenix","9999999999999999999999999999999999...","10","No","water","it spits water"
"2025/08/13 2:12:21 PM MDT","joans","hipie","seahorse","1","2","No","earth","water bending"
"2025/08/13 2:12:35 PM MDT","Gobby Senior","Gobby","goblin","3","4","No","earth","To be mischevious"
"2025/08/13 2:12:54 PM MDT","henri :D","mika 2","phoenix","1002023","10","No","water","barks and turns things into puddle"
"2025/08/13 2:13:15 PM MDT","User92718316","User92718317","dragon","999999999999999999999999999999999999999999999999999999999999999999999999999999999999999999999999999999999999999999999999999999999999999999999999999999999999999999999999999999999999999999999999999999999999999999999999999999999999999999999999999999999999999999999999999999999999999999999999999999999999999999999999999999999999999999999999999999999999999999999999999999999999999999999999999999999999999999999999999999999999999999999999999999999999999999999999999999999999999999999999999999999999999999999999999999999999999999999999999999999999999999999999999999999999999999999999999999999999999999999999999999999999999999999999999999999999999999999999999999999999999999999999999999999999999999999999999999999999999999999999999999999999999999999999999999999999999999999999999999999999999999999999999999999999999999999999999999999999999999999999999999999999999999999999999999999999999999999999999999999999999999999999999999999999999999999999999999999999999999999999999999999999999999999999999999999999999999999999999999999999999999999999999999999999999999999999999999999999999999999999999999999999999999999999999999999999999999999999999999999999999999999999999999999999999999999999999999999999999999999999999999999999999999999999999999999999999999999999999999999999999999999999999999999999999999999999999999999999999999999999999999999999999999999999999999999999999999999999999999999999999999999999999999999999999999999999999999999999999999999999999999999999999999999999999999999999999999999999999999999999999999999999999999999999999999999999999999999999999999999999999999999999999999999999999999999999999999999999999999999999999999999999999999999999999999999999999999999999999999999999999999999999999999999999999999999999999999999999999999999999999999999999999999999999999999999999999999999999999999999999999999999999999999999999999999999999999999999999999999999999999999999999999999999999999999999999999999999999999999999999999999999999999999999999999999999999999999999999999999999999999999999999999999999999999999999999999999999999999999999999999999999999999999999999999999999999999999999999999999999999999999999999999999999999999999999999999999999999999999999999999999999999999999999999999999999999999999999999999999999999999999999999999999999999999999999999999999999999999999999999999999999999999999999999999999999999999999999999999999999999999999999999999999999999999999999999999999999999999999999999999999999999999999999999999999999999999999999999999999999999999999999999999999999999999999999999999999999999999999999999999999999999999999999999999999999999999999999999999999999999999999999999999999999999999999999999999999999999999999999999999999999999999999999999999999999999999999999999999999999999999999999999999999999999999999999999999999999999999999999999999999999999999999999999999999999999999999999999999999999999999999999999999999999999999999999999999999999999999999999999999999999999999999999999999999999999999999999999999999999999999999999999999999999999999999999999999999999999999999999999999999999999999999999999999999999999999999999999999999999999999999999999999999999999999999999999999999999999999999999999999999999999999999999999999999999999999999999999999999999999999999999999999999999999999999999999999999999999999999999999999999999999999999999999999999999999999999999999999999999999999999999999999999999999999999999999999999999999999999999999999999999999999999999999999999999999999999999999999999999999999999999999999999999999","1","No","air","vanishes into the air"
"2025/08/13 2:13:28 PM MDT","thats_un-important","marshmellow","dragon","200","9","Yes","fire","can fly, breathe fire, and heal"
"2025/08/13 2:13:28 PM MDT","Sea","Sear","seahorse","6","5","No","water","Swimming with up to 50 on its back"
"2025/08/13 2:13:31 PM MDT","Joe Bonkers","John Goblin","goblin","1","2","No","air","John Goblin's mother was a herbalist and taught him how to make laxatives and melatonin from scratch. He is very skilled at slipping these into the drinks of his friends, coworkers and bosses."
"2025/08/13 2:13:40 PM MDT","hello","lucy","golem","0","1","No","air","it only flies, and has no power"
"2025/08/13 2:13:42 PM MDT","henri :D","pie","owl","6666666666666666666666666666669","10","No","fire","pie"
"2025/08/13 2:13:43 PM MDT","jonas","the faliuer","golem","22","10","No","fire","making people faile therer test"
"2025/08/13 2:13:49 PM MDT","Mr","Mr jr","golem","8","9","No","water","fly"
"2025/08/13 2:14:23 PM MDT","thats_unimportant","siren","mermaid","250","10","No","water","can use voice to manipulate others and control creatures"
"2025/08/13 2:15:05 PM MDT","Hi are ur name skoo?","bro","seahorse","same as ur age","1","Yes","earth","ahhhhhhh"
"2025/08/13 2:15:41 PM MDT","Joe Bonkers","John Phoenix","phoenix","1","1","No","fire","John Phoenix is a reporter for the National Enquirer. He works especially with the Kardashians and is oddly talented at getting photos of Kim Kardashian sleeping. Otherwise, he's not very special."
"2025/08/13 2:16:19 PM MDT","Wizerd","1","phoenix","1","1","No","air","1"
"2025/08/13 2:16:22 PM MDT","henri :D","Jim, the builder of universes","fairy","47054658051098081490568569058620968690586209686095865096586095758627605685906815617569150761589675965769586726895765890675268927689765986276985760","10","Yes","earth","make universes at a rate of 741894760956 times per second"
"2025/08/13 2:16:50 PM MDT","Joe Bonkers","John Owl","owl","1","1","No","water","John Owl's wings were amputated after he caught the Black Plague. His only superpower is the rage left in heart at this unjustice of the world. He is determined to take down the universe and watch everything crumble."
"2025/08/13 2:17:41 PM MDT","Joe Bonkers","John Seahorse","seahorse","1","2","No","water","John Seahorse can get pregnant."
"2025/08/13 2:17:43 PM MDT","C00lkidd","Lebron James","golem","Le Bron","10","No","air","air jordans, shoot 3"
"2025/08/13 2:18:02 PM MDT","henri :D","mika 3","seahorse","-999999999999987419675897696279867656726896789676892","4","Yes","fire","hates water and destroys things in water"
"2025/08/13 2:19:04 PM MDT","Joe Bonkers","John Golem","golem","1","8","No","earth","John Golem is a distant cousin of Iron Golem, who lives in Minecraft. You can craft John Golem by putting 4 John blocks in a short T shape then putting a pumpkin on the top. Then, John Golem will spawn and kill all villagers in the area."
"2025/08/13 2:19:25 PM MDT","henri :D","mika 4","elves","1","1","Yes","water","CHAOS!!!!!!!!!!!"
"2025/08/13 2:19:33 PM MDT","ANGRUTO ( mix of naruto and an angry man)","ANGY (He's angy)","golem","200000000000000000000000000000000000000000000000000000000000000","8","No","earth","earth bending, ( control earth related things ) super jump, and yelling"
"2025/08/13 2:19:37 PM MDT","Joe Bonkers","John Werewolf","werewolf","1","4","No","earth","John Werewolf sparkles like in Twilight."